{
    "$schema": "https://schema.management.azure.com/schemas/2015-01-01/deploymentParameters.json#",
    "contentVersion": "1.0.0.0",
    "parameters": {
        "IotHubs_iothub18040A20_connectionString": {
            "value": null
        },
        "IotHubs_iothub18040A20_containerName": {
            "value": null
        },
        "sites_iotfunc18040A20_name": {
            "value": null
        },
        "IotHubs_iothub18040A20_name": {
            "value": null
        },
        "serverfarms_EastUSLinuxDynamicPlan_name": {
            "value": null
        },
        "streamingjobs_iotasa18040A20_name": {
            "value": null
        },
        "databaseAccounts_iotcosmos18040a20_name": {
            "value": null
        },
        "environments_iottsi18040A20_name": {
            "value": null
        }
    }
}