{
    "$schema": "https://schema.management.azure.com/schemas/2015-01-01/deploymentTemplate.json#",
    "contentVersion": "1.0.0.0",
    "parameters": {
        "IotHubs_iothub18040A20_connectionString": {
            "type": "SecureString"
        },
        "IotHubs_iothub18040A20_containerName": {
            "type": "SecureString"
        },
        "sites_iotfunc18040A20_name": {
            "defaultValue": "iotfunc18040A20",
            "type": "String"
        },
        "IotHubs_iothub18040A20_name": {
            "defaultValue": "iothub18040A20",
            "type": "String"
        },
        "serverfarms_EastUSLinuxDynamicPlan_name": {
            "defaultValue": "EastUSLinuxDynamicPlan",
            "type": "String"
        },
        "streamingjobs_iotasa18040A20_name": {
            "defaultValue": "iotasa18040A20",
            "type": "String"
        },
        "databaseAccounts_iotcosmos18040a20_name": {
            "defaultValue": "iotcosmos18040a20",
            "type": "String"
        },
        "environments_iottsi18040A20_name": {
            "defaultValue": "iottsi18040A20",
            "type": "String"
        }
    },
    "variables": {},
    "resources": [
        {
            "type": "Microsoft.Devices/IotHubs",
            "apiVersion": "2019-11-04",
            "name": "[parameters('IotHubs_iothub18040A20_name')]",
            "location": "westeurope",
            "sku": {
                "name": "S1",
                "tier": "Standard",
                "capacity": 1
            },
            "properties": {
                "ipFilterRules": [],
                "eventHubEndpoints": {
                    "events": {
                        "retentionTimeInDays": 1,
                        "partitionCount": 4
                    }
                },
                "routing": {
                    "endpoints": {
                        "serviceBusQueues": [],
                        "serviceBusTopics": [],
                        "eventHubs": [],
                        "storageContainers": []
                    },
                    "routes": [],
                    "fallbackRoute": {
                        "name": "$fallback",
                        "source": "DeviceMessages",
                        "condition": "true",
                        "endpointNames": [
                            "events"
                        ],
                        "isEnabled": true
                    }
                },
                "storageEndpoints": {
                    "$default": {
                        "sasTtlAsIso8601": "PT1H",
                        "connectionString": "[parameters('IotHubs_iothub18040A20_connectionString')]",
                        "containerName": "[parameters('IotHubs_iothub18040A20_containerName')]"
                    }
                },
                "messagingEndpoints": {
                    "fileNotifications": {
                        "lockDurationAsIso8601": "PT1M",
                        "ttlAsIso8601": "PT1H",
                        "maxDeliveryCount": 10
                    }
                },
                "enableFileUploadNotifications": false,
                "cloudToDevice": {
                    "maxDeliveryCount": 10,
                    "defaultTtlAsIso8601": "PT1H",
                    "feedback": {
                        "lockDurationAsIso8601": "PT1M",
                        "ttlAsIso8601": "PT1H",
                        "maxDeliveryCount": 10
                    }
                },
                "features": "None"
            }
        },
        {
            "type": "Microsoft.DocumentDB/databaseAccounts",
            "apiVersion": "2019-08-01",
            "name": "[parameters('databaseAccounts_iotcosmos18040a20_name')]",
            "location": "West Europe",
            "tags": {
                "defaultExperience": "Core (SQL)",
                "hidden-cosmos-mmspecial": ""
            },
            "kind": "GlobalDocumentDB",
            "properties": {
                "enableAutomaticFailover": false,
                "enableMultipleWriteLocations": true,
                "isVirtualNetworkFilterEnabled": false,
                "virtualNetworkRules": [],
                "disableKeyBasedMetadataWriteAccess": false,
                "databaseAccountOfferType": "Standard",
                "consistencyPolicy": {
                    "defaultConsistencyLevel": "Session",
                    "maxIntervalInSeconds": 5,
                    "maxStalenessPrefix": 100
                },
                "locations": [
                    {
                        "locationName": "West Europe",
                        "provisioningState": "Succeeded",
                        "failoverPriority": 0,
                        "isZoneRedundant": true
                    },
                    {
                        "locationName": "North Europe",
                        "provisioningState": "Succeeded",
                        "failoverPriority": 1,
                        "isZoneRedundant": false
                    }
                ],
                "capabilities": []
            }
        },
        {
            "type": "Microsoft.StreamAnalytics/streamingjobs",
            "apiVersion": "2016-03-01",
            "name": "[parameters('streamingjobs_iotasa18040A20_name')]",
            "location": "West Europe",
            "properties": {
                "sku": {
                    "name": "Standard"
                },
                "outputStartMode": "JobStartTime",
                "outputStartTime": "2019-12-30T01:50:11.577Z",
                "eventsOutOfOrderPolicy": "Adjust",
                "outputErrorPolicy": "Stop",
                "eventsOutOfOrderMaxDelayInSeconds": 0,
                "eventsLateArrivalMaxDelayInSeconds": 5,
                "dataLocale": "en-US",
                "compatibilityLevel": "1.1"
            }
        },
        {
            "type": "Microsoft.TimeSeriesInsights/environments",
            "apiVersion": "2018-08-15-preview",
            "name": "[parameters('environments_iottsi18040A20_name')]",
            "location": "westeurope",
            "sku": {
                "name": "S1",
                "capacity": 1
            },
            "kind": "Standard",
            "properties": {
                "dataRetentionTime": "P30D",
                "creationTime": "Mon, 30 Dec 2019 10:26:05 GMT",
                "provisioningState": "Succeeded",
                "requestApiVersion": "2018-08-15-preview",
                "dataAccessId": "03502c3b-ef39-4fae-a21a-af9ba773f32d",
                "dataAccessFqdn": "03502c3b-ef39-4fae-a21a-af9ba773f32d.env.timeseries.azure.com",
                "storageLimitExceededBehavior": "PurgeOldData"
            }
        },
        {
            "type": "Microsoft.Web/serverfarms",
            "apiVersion": "2018-02-01",
            "name": "[parameters('serverfarms_EastUSLinuxDynamicPlan_name')]",
            "location": "East US",
            "sku": {
                "name": "Y1",
                "tier": "Dynamic",
                "size": "Y1",
                "family": "Y",
                "capacity": 0
            },
            "kind": "functionapp",
            "properties": {
                "perSiteScaling": false,
                "maximumElasticWorkerCount": 1,
                "isSpot": false,
                "reserved": true,
                "isXenon": false,
                "hyperV": false,
                "targetWorkerCount": 0,
                "targetWorkerSizeId": 0
            }
        },
        {
            "type": "Microsoft.DocumentDB/databaseAccounts/sqlDatabases",
            "apiVersion": "2019-08-01",
            "name": "[concat(parameters('databaseAccounts_iotcosmos18040a20_name'), '/iotCosmosDB')]",
            "dependsOn": [
                "[resourceId('Microsoft.DocumentDB/databaseAccounts', parameters('databaseAccounts_iotcosmos18040a20_name'))]"
            ],
            "properties": {
                "resource": {
                    "id": "iotCosmosDB"
                },
                "options": {}
            }
        },
        {
            "type": "Microsoft.StreamAnalytics/streamingjobs/inputs",
            "apiVersion": "2016-03-01",
            "name": "[concat(parameters('streamingjobs_iotasa18040A20_name'), '/IotHubInput')]",
            "dependsOn": [
                "[resourceId('Microsoft.StreamAnalytics/streamingjobs', parameters('streamingjobs_iotasa18040A20_name'))]"
            ],
            "properties": {
                "type": "Stream",
                "datasource": {
                    "type": "Microsoft.Devices/IotHubs",
                    "properties": {
                        "iotHubNamespace": "iothub18040A20",
                        "sharedAccessPolicyName": "iothubowner",
                        "endpoint": "messages/events",
                        "consumerGroupName": "$Default"
                    }
                },
                "compression": {
                    "type": "None"
                },
                "partitionKey": "",
                "serialization": {
                    "type": "Json",
                    "properties": {
                        "encoding": "UTF8"
                    }
                },
                "etag": "84e73840-7fc5-4392-8397-fd8164769480"
            }
        },
        {
            "type": "Microsoft.StreamAnalytics/streamingjobs/outputs",
            "apiVersion": "2016-03-01",
            "name": "[concat(parameters('streamingjobs_iotasa18040A20_name'), '/iotCosmosOutput')]",
            "dependsOn": [
                "[resourceId('Microsoft.StreamAnalytics/streamingjobs', parameters('streamingjobs_iotasa18040A20_name'))]"
            ],
            "properties": {
                "datasource": {
                    "type": "Microsoft.Storage/DocumentDB",
                    "properties": {
                        "accountId": "iotcosmos18040a20",
                        "accountKey": null,
                        "database": "iotCosmosDB",
                        "collectionNamePattern": "TelemetryStorage",
                        "documentId": ""
                    }
                }
            }
        },
        {
            "type": "Microsoft.TimeSeriesInsights/environments/accesspolicies",
            "apiVersion": "2018-08-15-preview",
            "name": "[concat(parameters('environments_iottsi18040A20_name'), '/ownerAccessPolicyName')]",
            "dependsOn": [
                "[resourceId('Microsoft.TimeSeriesInsights/environments', parameters('environments_iottsi18040A20_name'))]"
            ],
            "properties": {
                "principalObjectId": "97ffde8b-c3f7-4c0d-aaf4-ee2070df97e3",
                "roles": [
                    "Reader",
                    "Contributor"
                ]
            }
        },
        {
            "type": "Microsoft.Web/sites",
            "apiVersion": "2018-11-01",
            "name": "[parameters('sites_iotfunc18040A20_name')]",
            "location": "East US",
            "dependsOn": [
                "[resourceId('Microsoft.Web/serverfarms', parameters('serverfarms_EastUSLinuxDynamicPlan_name'))]"
            ],
            "kind": "functionapp,linux",
            "properties": {
                "enabled": true,
                "hostNameSslStates": [
                    {
                        "name": "iotfunc18040a20.azurewebsites.net",
                        "sslState": "Disabled",
                        "hostType": "Standard"
                    },
                    {
                        "name": "iotfunc18040a20.scm.azurewebsites.net",
                        "sslState": "Disabled",
                        "hostType": "Repository"
                    }
                ],
                "serverFarmId": "[resourceId('Microsoft.Web/serverfarms', parameters('serverfarms_EastUSLinuxDynamicPlan_name'))]",
                "reserved": true,
                "isXenon": false,
                "hyperV": false,
                "scmSiteAlsoStopped": false,
                "clientAffinityEnabled": false,
                "clientCertEnabled": false,
                "hostNamesDisabled": false,
                "containerSize": 0,
                "dailyMemoryTimeQuota": 0,
                "httpsOnly": false,
                "redundancyMode": "None"
            }
        },
        {
            "type": "Microsoft.Web/sites/config",
            "apiVersion": "2018-11-01",
            "name": "[concat(parameters('sites_iotfunc18040A20_name'), '/web')]",
            "location": "East US",
            "dependsOn": [
                "[resourceId('Microsoft.Web/sites', parameters('sites_iotfunc18040A20_name'))]"
            ],
            "properties": {
                "numberOfWorkers": 1,
                "defaultDocuments": [
                    "Default.htm",
                    "Default.html",
                    "Default.asp",
                    "index.htm",
                    "index.html",
                    "iisstart.htm",
                    "default.aspx",
                    "index.php"
                ],
                "netFrameworkVersion": "v4.0",
                "phpVersion": "",
                "pythonVersion": "",
                "nodeVersion": "",
                "linuxFxVersion": "node|10.0",
                "requestTracingEnabled": false,
                "remoteDebuggingEnabled": false,
                "httpLoggingEnabled": false,
                "logsDirectorySizeLimit": 35,
                "detailedErrorLoggingEnabled": false,
                "publishingUsername": "$iotfunc18040A20",
                "scmType": "None",
                "use32BitWorkerProcess": false,
                "webSocketsEnabled": false,
                "alwaysOn": false,
                "appCommandLine": "",
                "managedPipelineMode": "Integrated",
                "virtualApplications": [
                    {
                        "virtualPath": "/",
                        "physicalPath": "site\\wwwroot",
                        "preloadEnabled": false,
                        "virtualDirectories": null
                    }
                ],
                "winAuthAdminState": 0,
                "winAuthTenantState": 0,
                "customAppPoolIdentityAdminState": false,
                "customAppPoolIdentityTenantState": false,
                "loadBalancing": "LeastRequests",
                "routingRules": [],
                "experiments": {
                    "rampUpRules": []
                },
                "autoHealEnabled": false,
                "vnetName": "",
                "siteAuthEnabled": false,
                "siteAuthSettings": {
                    "enabled": null,
                    "unauthenticatedClientAction": null,
                    "tokenStoreEnabled": null,
                    "allowedExternalRedirectUrls": null,
                    "defaultProvider": null,
                    "clientId": null,
                    "clientSecret": null,
                    "clientSecretCertificateThumbprint": null,
                    "issuer": null,
                    "allowedAudiences": null,
                    "additionalLoginParams": null,
                    "isAadAutoProvisioned": false,
                    "googleClientId": null,
                    "googleClientSecret": null,
                    "googleOAuthScopes": null,
                    "facebookAppId": null,
                    "facebookAppSecret": null,
                    "facebookOAuthScopes": null,
                    "twitterConsumerKey": null,
                    "twitterConsumerSecret": null,
                    "microsoftAccountClientId": null,
                    "microsoftAccountClientSecret": null,
                    "microsoftAccountOAuthScopes": null
                },
                "cors": {
                    "allowedOrigins": [
                        "https://functions.azure.com",
                        "https://functions-staging.azure.com",
                        "https://functions-next.azure.com"
                    ],
                    "supportCredentials": false
                },
                "localMySqlEnabled": false,
                "ipSecurityRestrictions": [
                    {
                        "ipAddress": "Any",
                        "action": "Allow",
                        "priority": 1,
                        "name": "Allow all",
                        "description": "Allow all access"
                    }
                ],
                "scmIpSecurityRestrictions": [
                    {
                        "ipAddress": "Any",
                        "action": "Allow",
                        "priority": 1,
                        "name": "Allow all",
                        "description": "Allow all access"
                    }
                ],
                "scmIpSecurityRestrictionsUseMain": false,
                "http20Enabled": false,
                "minTlsVersion": "1.2",
                "ftpsState": "AllAllowed",
                "reservedInstanceCount": 0,
                "fileChangeAuditEnabled": false,
                "functionsRuntimeScaleMonitoringEnabled": false
            }
        },
        {
            "type": "Microsoft.Web/sites/functions",
            "apiVersion": "2018-11-01",
            "name": "[concat(parameters('sites_iotfunc18040A20_name'), '/WindSpeedHttpTrigger')]",
            "location": "East US",
            "dependsOn": [
                "[resourceId('Microsoft.Web/sites', parameters('sites_iotfunc18040A20_name'))]"
            ],
            "properties": {
                "script_root_path_href": "https://iotfunc18040a20.azurewebsites.net/admin/vfs/home/site/wwwroot/WindSpeedHttpTrigger/",
                "script_href": "https://iotfunc18040a20.azurewebsites.net/admin/vfs/home/site/wwwroot/bin/IoTFunctions.dll",
                "config_href": "https://iotfunc18040a20.azurewebsites.net/admin/vfs/home/site/wwwroot/WindSpeedHttpTrigger/function.json",
                "href": "https://iotfunc18040a20.azurewebsites.net/admin/functions/WindSpeedHttpTrigger",
                "config": {}
            }
        },
        {
            "type": "Microsoft.Web/sites/hostNameBindings",
            "apiVersion": "2018-11-01",
            "name": "[concat(parameters('sites_iotfunc18040A20_name'), '/', parameters('sites_iotfunc18040A20_name'), '.azurewebsites.net')]",
            "location": "East US",
            "dependsOn": [
                "[resourceId('Microsoft.Web/sites', parameters('sites_iotfunc18040A20_name'))]"
            ],
            "properties": {
                "siteName": "iotfunc18040A20",
                "hostNameType": "Verified"
            }
        },
        {
            "type": "Microsoft.DocumentDB/databaseAccounts/sqlDatabases/containers",
            "apiVersion": "2019-08-01",
            "name": "[concat(parameters('databaseAccounts_iotcosmos18040a20_name'), '/iotCosmosDB/TelemetryStorage')]",
            "dependsOn": [
                "[resourceId('Microsoft.DocumentDB/databaseAccounts/sqlDatabases', parameters('databaseAccounts_iotcosmos18040a20_name'), 'iotCosmosDB')]",
                "[resourceId('Microsoft.DocumentDB/databaseAccounts', parameters('databaseAccounts_iotcosmos18040a20_name'))]"
            ],
            "properties": {
                "resource": {
                    "id": "TelemetryStorage",
                    "indexingPolicy": {
                        "indexingMode": "consistent",
                        "automatic": true,
                        "includedPaths": [
                            {
                                "path": "/*"
                            }
                        ],
                        "excludedPaths": [
                            {
                                "path": "/\"_etag\"/?"
                            }
                        ]
                    },
                    "conflictResolutionPolicy": {
                        "mode": "LastWriterWins",
                        "conflictResolutionPath": "/_ts"
                    }
                },
                "options": {}
            }
        },
        {
            "type": "Microsoft.TimeSeriesInsights/environments/eventsources",
            "apiVersion": "2018-08-15-preview",
            "name": "[concat(parameters('environments_iottsi18040A20_name'), '/IoT Hub')]",
            "location": "westeurope",
            "dependsOn": [
                "[resourceId('Microsoft.TimeSeriesInsights/environments', parameters('environments_iottsi18040A20_name'))]",
                "[resourceId('Microsoft.Devices/IotHubs', parameters('IotHubs_iothub18040A20_name'))]"
            ],
            "kind": "Microsoft.IoTHub",
            "properties": {
                "eventSourceResourceId": "[resourceId('Microsoft.Devices/IotHubs', parameters('IotHubs_iothub18040A20_name'))]",
                "iotHubName": "iothub18040A20",
                "keyName": "iothubowner",
                "consumerGroupName": "$Default",
                "timestampPropertyName": "",
                "creationTime": "Mon, 30 Dec 2019 10:26:09 GMT",
                "provisioningState": "Succeeded"
            }
        },
        {
            "type": "Microsoft.DocumentDB/databaseAccounts/sqlDatabases/containers/storedProcedures",
            "apiVersion": "2019-08-01",
            "name": "[concat(parameters('databaseAccounts_iotcosmos18040a20_name'), '/iotCosmosDB/TelemetryStorage/bulkUpsert_v_2_0')]",
            "dependsOn": [
                "[resourceId('Microsoft.DocumentDB/databaseAccounts/sqlDatabases/containers', parameters('databaseAccounts_iotcosmos18040a20_name'), 'iotCosmosDB', 'TelemetryStorage')]",
                "[resourceId('Microsoft.DocumentDB/databaseAccounts/sqlDatabases', parameters('databaseAccounts_iotcosmos18040a20_name'), 'iotCosmosDB')]",
                "[resourceId('Microsoft.DocumentDB/databaseAccounts', parameters('databaseAccounts_iotcosmos18040a20_name'))]"
            ],
            "properties": {
                "resource": {
                    "id": "bulkUpsert_v_2_0",
                    "body": "// Copyright (c) Microsoft Corporation.  All rights reserved.\r\n\r\nfunction bulkUpsert_v_2_0(docs, optimizeForInserts, startIndex) {\r\n    /**\r\n* A DocumentDB stored procedure that upserts a batch of documents (insert new or update if present) using its id property.<br/>\r\n* This implementation queries for each document's id, and creates if absent and patches if found.\r\n* The script sets response body to the number of docs imported and is called multiple times \r\n* by the client until total number of docs desired by the client is imported.\r\n* @param  {Object[]} docs - Array of documents to import.\r\n* v2 : Uses a different API now to read documents\r\n*/\r\n    var ErrorCode = {\r\n        CONFLICT: 409,\r\n        FORBIDDEN: 403,\r\n        INSUFFICIENT_STORAGE: 507\r\n    };\r\n    var context = getContext();\r\n    var collection = context.getCollection();\r\n    var collectionLink = collection.getSelfLink();\r\n    var response = context.getResponse();\r\n    // The count of imported docs, also used as current doc index.\r\n    var count = startIndex;\r\n    var replaceCount = 0;\r\n\r\n    // Validate input.\r\n    if (!docs) {\r\n        throw new Error(\"Input documents array is undefined or null.\");\r\n    }\r\n\r\n    var docsLength = docs.length;\r\n    if (docsLength === 0) {\r\n        response.setBody(0);\r\n    }\r\n\r\n    tryCreate(docs[count], createCallback);\r\n\r\n    function tryCreate(doc, createCallback) {\r\n        var options = {\r\n            disableAutomaticIdGeneration: optimizeForInserts\r\n        };\r\n\r\n        // replace this with collection.UpsertDocument() when it supports patch\r\n        var isAccepted = collection.createDocument(collectionLink, doc, options, createCallback);\r\n\r\n        // If the request was accepted, createCallback will be called.\r\n        // Otherwise report current count back to the client, \r\n        // which will call the script again with remaining set of docs.\r\n        // This condition will happen when this stored procedure has been running too long\r\n        // and is about to get cancelled by the server. This will allow the calling client\r\n        // to resume this batch from the point we got to before isAccepted was set to false\r\n        if (!isAccepted) getContext().getResponse().setBody({ \"total\": count, \"replaced\": replaceCount });\r\n    }\r\n\r\n    // To replace the document, first issue a query to find it and then call replace.\r\n    function retrieveDoc(doc, continuation, retrieveCallback) {\r\n        var query = { query: \"select * from root r where r.id = @id\", parameters: [{ name: \"@id\", value: doc.id }] };\r\n        var requestOptions = { continuation: continuation };\r\n        var isAccepted = collection.readDocument(__.getAltLink() + '/docs/' + doc.id, requestOptions, function (err, retrievedDoc, responseOptions) {\r\n            if (err) {\r\n               throw err;\r\n            }\r\n\r\n            if (!retrievedDoc) {\r\n                throw new Error(\"Error in reading document.\");\r\n            }\r\n\r\n            retrieveCallback(retrievedDoc);\r\n        });\r\n\r\n        // this will be retried , set the current count \r\n        if (!isAccepted) getContext().getResponse().setBody({ \"total\": count, \"replaced\": replaceCount });\r\n    }\r\n\r\n    function tryReplace(document, replaceCallback) {\r\n        retrieveDoc(document, null, function (retrievedDoc) {\r\n            var existingDocSelfLink = retrievedDoc._self;\r\n            replaceCount = replaceCount + 1;\r\n            mergeReplace(retrievedDoc, document);\r\n            var isAccepted = collection.replaceDocument(existingDocSelfLink, retrievedDoc, replaceCallback);\r\n            if (!isAccepted) getContext().getResponse().setBody({ \"total\": count, \"replaced\": replaceCount });\r\n        });\r\n    }\r\n\r\n    // Merges properties recursively from source into dest object by reference. \r\n    // All properties present in the source are overwritten in dest\r\n    // Note - Array values are not merged but overwritten\r\n    function mergeReplace(dest, source) {\r\n\r\n        if (dest instanceof Array) {\r\n            var k = dest.length;\r\n            while (k > source.length) {\r\n                dest.pop();\r\n                k--;\r\n            }\r\n        }\r\n\r\n        for (var prop in source) {\r\n            if (source[prop] && source[prop] instanceof Object && dest[prop] instanceof Object) {\r\n                mergeReplace(dest[prop], source[prop]);\r\n            } else {\r\n                dest[prop] = source[prop];\r\n            }\r\n        }\r\n    }\r\n\r\n    function createCallback(err, doc, options) {\r\n        if (err) {\r\n            // Replace the document if status code is 409 and upsert is enabled\r\n            if (err.number === ErrorCode.CONFLICT) {\r\n                return tryReplace(docs[count], createCallback);\r\n            }\r\n            // storage quota exceeded, remap to a 507 so fx can indentify in substatus header\r\n            else if (err.number === ErrorCode.FORBIDDEN) {\r\n                err.number = ErrorCode.INSUFFICIENT_STORAGE;\r\n                throw err;\r\n            } else {\r\n                throw err;\r\n            }\r\n        } else {\r\n            // One more document has been inserted, increment the count.\r\n            count++;\r\n\r\n            if (count >= docsLength) {\r\n                // If we have created all documents, we are done. Just set the response.\r\n                getContext().getResponse().setBody({ \"total\": count, \"replaced\": replaceCount });\r\n            } else {\r\n                // Call the CRUD API to create a document.\r\n                return tryCreate(docs[count], createCallback);\r\n            }\r\n        }\r\n    }\r\n}\r\n"
                },
                "options": {}
            }
        },
        {
            "type": "Microsoft.DocumentDB/databaseAccounts/sqlDatabases/containers/throughputSettings",
            "apiVersion": "2019-08-01",
            "name": "[concat(parameters('databaseAccounts_iotcosmos18040a20_name'), '/iotCosmosDB/TelemetryStorage/default')]",
            "dependsOn": [
                "[resourceId('Microsoft.DocumentDB/databaseAccounts/sqlDatabases/containers', parameters('databaseAccounts_iotcosmos18040a20_name'), 'iotCosmosDB', 'TelemetryStorage')]",
                "[resourceId('Microsoft.DocumentDB/databaseAccounts/sqlDatabases', parameters('databaseAccounts_iotcosmos18040a20_name'), 'iotCosmosDB')]",
                "[resourceId('Microsoft.DocumentDB/databaseAccounts', parameters('databaseAccounts_iotcosmos18040a20_name'))]"
            ],
            "properties": {
                "resource": {
                    "throughput": 400
                }
            }
        }
    ]
}